prob,width,distrX,distrY
0.9444444444444444,2.214326433440944,"Normal{Float32}(μ=0.5212f0, σ=1.0424f0)","Normal{Float32}(μ=2.5212f0, σ=1.0424f0)"
